"","session_id","child_id","stimulus_condition","trial_num","stimulus_set","uninformative_entities","response_exact_utterance","response_included_informative","response_included_uninformative","trial_id"
"1","010130f1-7660-4825-a327-36854141c328","cSWdcH","agent_ambig",8,"ap_eat","BANANA DOG","BYE BYE DOG","FALSE","TRUE","010130f1-7660-4825-a327-36854141c3288"
"2","4c06f484-fa39-4cd0-94e1-d4d6c377c661","SCF4EB","commonground",3,"cg_duck","DUCK LAKE","WENT","TRUE","FALSE","4c06f484-fa39-4cd0-94e1-d4d6c377c6613"
"3","ed7e915d-4e82-49a2-a796-dd338ba10c1b","5E6MP4","commonground",3,"cg_duck","DUCK LAKE","DUCK HAPPENS","FALSE","TRUE","ed7e915d-4e82-49a2-a796-dd338ba10c1b3"
"4","c2e628f8-f22a-4c30-af7d-af6706a667d1","ZRVXUF","commonground",3,"cg_duck","DUCK LAKE","DUCK X2; UH OH; BALL","TRUE","TRUE","c2e628f8-f22a-4c30-af7d-af6706a667d13"
"5","bcffceff-acc1-4611-a131-9fd7574532b8","X2NNSF","patient_ambig",5,"ap_eat","DOG BANANA","DOG","FALSE","TRUE","bcffceff-acc1-4611-a131-9fd7574532b85"
"6","2ae67e9e-cbf7-4fee-96d8-28726bcaab0f","d6BGL6","agent_ambig",4,"ap_drink","JUICE BABY","ITS A BIRD X2","TRUE","FALSE","2ae67e9e-cbf7-4fee-96d8-28726bcaab0f4"
"7","b6860108-9a62-42fa-8c0b-2fe6d7b06279","CcHUSF","commonground",3,"cg_duck","DUCK LAKE","A BALL; unintelligible","TRUE","FALSE","b6860108-9a62-42fa-8c0b-2fe6d7b062793"
"8","9aa0d991-ffd5-4e7f-9ba8-ef03f5ec31fa","UJcNAE","commonground",3,"cg_duck","DUCK LAKE","WOW;  A BAT","TRUE","FALSE","9aa0d991-ffd5-4e7f-9ba8-ef03f5ec31fa3"
"9","9aa0d991-ffd5-4e7f-9ba8-ef03f5ec31fa","UJcNAE","agent_ambig",4,"ap_drink","JUICE BABY","unintelligible; DUCK","TRUE","FALSE","9aa0d991-ffd5-4e7f-9ba8-ef03f5ec31fa4"
"10","554f7d51-ffe6-4dff-8028-46a2fd9f9cb6","QXZXYT","patient_ambig",5,"ap_eat","DOG BANANA","BANANA; YA; DOG","FALSE","TRUE","554f7d51-ffe6-4dff-8028-46a2fd9f9cb65"
"11","251be811-b713-464e-b957-ca5ea7d7e72a","MLQ2Pc","agent_ambig",4,"ap_drink","JUICE BABY","NO NO; NO NO; BABY","FALSE","TRUE","251be811-b713-464e-b957-ca5ea7d7e72a4"
"12","c2b693ce-7b3c-4c54-91c3-793e54f1cebd","SAXAFH","commonground",3,"cg_duck","DUCK LAKE","BALL BALL","TRUE","FALSE","c2b693ce-7b3c-4c54-91c3-793e54f1cebd3"
"13","c2b693ce-7b3c-4c54-91c3-793e54f1cebd","SAXAFH","agent_ambig",8,"ap_eat","BANANA DOG","unintelligible; DOGGY","FALSE","TRUE","c2b693ce-7b3c-4c54-91c3-793e54f1cebd8"
"14","26c0053c-88c7-4383-b460-522e4fee0289","EEDKUR","patient_ambig",7,"ap_drink","BABY JUICE","unintelligible; BA BA BA BA","FALSE","TRUE","26c0053c-88c7-4383-b460-522e4fee02897"
"15","9b52198b-10c6-4c59-9b79-d3158c960b0c","RBBZVA","commonground",3,"cg_duck","DUCK LAKE","WHAT HAPPENED; BALL FELL DOWN YA","TRUE","FALSE","9b52198b-10c6-4c59-9b79-d3158c960b0c3"
"16","9b52198b-10c6-4c59-9b79-d3158c960b0c","RBBZVA","agent_ambig",4,"ap_drink","JUICE BABY","WHAT HAPPENED MOMMY; BIRD unintelligible; BABY OVER HERE unintelligible","TRUE","TRUE","9b52198b-10c6-4c59-9b79-d3158c960b0c4"
"17","9b52198b-10c6-4c59-9b79-d3158c960b0c","RBBZVA","patient_ambig",5,"ap_eat","DOG BANANA","WHAT HAPPENED MOMMY; I KNOW unintelligible DOGGY unintelligible; FELL DOWN YA","FALSE","TRUE","9b52198b-10c6-4c59-9b79-d3158c960b0c5"
"18","9b52198b-10c6-4c59-9b79-d3158c960b0c","RBBZVA","commonground",6,"cg_bear","BEAR ROOM","WHAT HAPPENED; BEAR FALL DOWN; FALL DOWN YES; I KNOW FALL DOWN; YA unintelligible","FALSE","TRUE","9b52198b-10c6-4c59-9b79-d3158c960b0c6"
"19","9b52198b-10c6-4c59-9b79-d3158c960b0c","RBBZVA","patient_ambig",7,"ap_drink","BABY JUICE","WHAT HAPPENED WHAT HAPPENED WHAT HAPPENED MOMMY; THE BABY FALL DOWN; FALL DOWN; IT FALL DOWN; I DON'T KNOW unintelligible; I DON'T KNOW BABY FALL DOWN","FALSE","TRUE","9b52198b-10c6-4c59-9b79-d3158c960b0c7"
"20","9b52198b-10c6-4c59-9b79-d3158c960b0c","RBBZVA","agent_ambig",8,"ap_eat","BANANA DOG","WHAT HAPPENED MOMMY; I DON'T KNOW; THE DOG unintelligible; A BABY; A DOGGY A BABY; YA; I DON'T KNOW DOGGY FALL DOWN","FALSE","TRUE","9b52198b-10c6-4c59-9b79-d3158c960b0c8"
"21","62f967e3-a736-4e46-ab90-44431303dc4c","HBd4AB","commonground",6,"cg_bear","BEAR ROOM","unintelligible; [points at screen] BABA","FALSE","TRUE","62f967e3-a736-4e46-ab90-44431303dc4c6"
"22","b2b1ad7e-f57b-48e8-9760-24b05b2f5a24","JdZ462","commonground",6,"cg_bear","BEAR ROOM","[claps] BEAR [points at screen] BEAR BEAR","FALSE","TRUE","b2b1ad7e-f57b-48e8-9760-24b05b2f5a246"
"23","b2b1ad7e-f57b-48e8-9760-24b05b2f5a24","JdZ462","patient_ambig",7,"ap_drink","BABY JUICE","BA BA","FALSE","TRUE","b2b1ad7e-f57b-48e8-9760-24b05b2f5a247"
"24","b2b1ad7e-f57b-48e8-9760-24b05b2f5a24","JdZ462","agent_ambig",8,"ap_eat","BANANA DOG","BABABABABABABABABA","FALSE","TRUE","b2b1ad7e-f57b-48e8-9760-24b05b2f5a248"
"25","f6a46ef5-cd93-4fbe-b300-a40a2bcde5b9","4PVHA3","patient_ambig",7,"ap_drink","BABY JUICE","[points at screen] UH BAY","FALSE","TRUE","f6a46ef5-cd93-4fbe-b300-a40a2bcde5b97"
"26","33037474-6026-4413-818a-6a8b53897cd6","S35WD7","commonground",3,"cg_bear","BEAR ROOM","unintelligible; [points at screen] BIRD [mom says, ""the bear?""] unintelligible; [child leans into screen] unintelligible; BIRD","FALSE","TRUE","33037474-6026-4413-818a-6a8b53897cd63"
"27","33037474-6026-4413-818a-6a8b53897cd6","S35WD7","commonground",6,"cg_duck","DUCK LAKE","NO; OPENED; BALL BALL BALL [mom says, ""the ball?] BALL; unintelligible","TRUE","FALSE","33037474-6026-4413-818a-6a8b53897cd66"
"28","ee5f40f8-dc84-4a9a-9176-275d5ba05de3","TXBZXQ","commonground",3,"cg_bear","BEAR ROOM","WHAT HAPPENED, BEAR, WHAT HAPPENED BEAR; BEAR BOY; PLAY; BEAR BOY; BEAR BIG; NICE SHOES; BEAR AND THE SHOES; A BEAR A BIG SHOES","TRUE","TRUE","ee5f40f8-dc84-4a9a-9176-275d5ba05de33"
"29","ee5f40f8-dc84-4a9a-9176-275d5ba05de3","TXBZXQ","agent_ambig",5,"ap_drink","JUICE BABY","BABY, JUICE; VIDEO, LET SEE HERE, A PUPPY; BABY, BIRD NO; WHAT HAPPENED, REMEMBER I SEE; A BEAR; PAPA IT TICKLES; WHAT HAPPENED; MORE VIDEO YA","TRUE","TRUE","ee5f40f8-dc84-4a9a-9176-275d5ba05de35"
"30","ee5f40f8-dc84-4a9a-9176-275d5ba05de3","TXBZXQ","commonground",6,"cg_duck","DUCK LAKE","A BEAR, REMEBER THE TV, BEAR; DUCK, BALL; BAT AND BALL; DUCK, DUCKY; IT GO DUCKY BALL GO; DUCK BALL; REMEMBER DUCK, BALL; MORE TV MORE VIDEO","TRUE","TRUE","ee5f40f8-dc84-4a9a-9176-275d5ba05de36"
"31","ee5f40f8-dc84-4a9a-9176-275d5ba05de3","TXBZXQ","patient_ambig",8,"ap_drink","BABY JUICE","MORE VIDEO YA OK, MORE VIDEO; MORE VIDEO YA OK, I REMEMBER; A BEAR, NO; TOYS NO, MORE VIDEO YA OK; BACK, MORE VIDEO YA OK; I REMEMBER BABY MILK JUICE, WHAT HAPPENED; YES I REMEMBER A TV, TWO, ONE TWO, ONE ONE, ONE ONE ONE [she is counting the ""TV""s that she sees]","TRUE","TRUE","ee5f40f8-dc84-4a9a-9176-275d5ba05de38"
"32","69263699-e904-413f-aaba-2d917e65519c","ZUVJ6F","commonground",6,"cg_duck","DUCK LAKE","DUCK; GONE; OH","FALSE","TRUE","69263699-e904-413f-aaba-2d917e65519c6"
"33","61c12207-8723-4fdc-bb70-e674b42d4c3d","ZMPBLU","commonground",3,"cg_bear","BEAR ROOM","BEAR BEAR [mom says, ""Bear, what did the bear do? Did he eat icecream?""] unintelligible [hits hands together]","FALSE","TRUE","61c12207-8723-4fdc-bb70-e674b42d4c3d3"
"34","61c12207-8723-4fdc-bb70-e674b42d4c3d","ZMPBLU","patient_ambig",4,"ap_eat","DOG BANANA","DOGGY APPLE","TRUE","TRUE","61c12207-8723-4fdc-bb70-e674b42d4c3d4"
"35","61c12207-8723-4fdc-bb70-e674b42d4c3d","ZMPBLU","commonground",6,"cg_duck","DUCK LAKE","BIRDY [mom says, ""Did the birdy go swimming? Did the birdy take a bath?""]","FALSE","TRUE","61c12207-8723-4fdc-bb70-e674b42d4c3d6"
"36","61c12207-8723-4fdc-bb70-e674b42d4c3d","ZMPBLU","agent_ambig",7,"ap_eat","BANANA DOG","DOGGY; BIRDY; [mom says, ""Was there a kitty cat?""] NO NO","FALSE","TRUE","61c12207-8723-4fdc-bb70-e674b42d4c3d7"
"37","61c12207-8723-4fdc-bb70-e674b42d4c3d","ZMPBLU","patient_ambig",8,"ap_drink","BABY JUICE","A BABE; [mom says, ""What did the baby do?""] unintelligible; [mom says, ""Did the baby drink milky?""] YA MILKY; unintelligible","FALSE","TRUE","61c12207-8723-4fdc-bb70-e674b42d4c3d8"
"38","5a10ff62-d459-4a42-b91e-f1c96d96b96c","FKXLLE","agent_ambig",7,"ap_eat","BANANA DOG","NANANANANA","FALSE","TRUE","5a10ff62-d459-4a42-b91e-f1c96d96b96c7"
"39","a25b517c-42c5-4993-991b-7a627478573c","ZUGXR6","patient_ambig",4,"ap_eat","DOG BANANA","EAT; EAT X3 DOGGY; EAT X3 DOGGY","TRUE","TRUE","a25b517c-42c5-4993-991b-7a627478573c4"
"40","e8a0f34a-ab19-4b2c-a58e-914cceb4312d","NJKFJ6","patient_ambig",4,"ap_eat","DOG BANANA","WHAT HAPPENED; WHAT HAPPENED; A DOG [child points at screen] [mom says, ""A dog?""] A DOG A DOG A DOG; A DOG","FALSE","TRUE","e8a0f34a-ab19-4b2c-a58e-914cceb4312d4"
"41","e8a0f34a-ab19-4b2c-a58e-914cceb4312d","NJKFJ6","agent_ambig",7,"ap_eat","BANANA DOG","SEE HMM; A DOG [child points at screen]; A DOG A DOG A DOG BLUE A DOG A DOG A DOG unintelligible A DOG","FALSE","TRUE","e8a0f34a-ab19-4b2c-a58e-914cceb4312d7"
"42","cd562869-2a83-43df-84a6-907ed3f6a012","HWd7VH","agent_ambig",7,"ap_eat","BANANA DOG","NANA X3","FALSE","TRUE","cd562869-2a83-43df-84a6-907ed3f6a0127"
"43","14a1fbb9-cba9-4be0-8998-3945505d48f6","4QMZZS","patient_ambig",4,"ap_eat","DOG BANANA","[points at screen] DOG; [points at screen]","FALSE","TRUE","14a1fbb9-cba9-4be0-8998-3945505d48f64"
"44","14a1fbb9-cba9-4be0-8998-3945505d48f6","4QMZZS","commonground",6,"cg_duck","DUCK LAKE","BALL BALL BALL BALL A BALL [points at screen]","TRUE","FALSE","14a1fbb9-cba9-4be0-8998-3945505d48f66"
"45","4826149c-3450-4e46-ad7c-7fddb99ca88c","MZPLH3","agent_ambig",5,"ap_drink","JUICE BABY","DUCK","TRUE","FALSE","4826149c-3450-4e46-ad7c-7fddb99ca88c5"
"46","89e0b7e1-4c34-48e1-9c82-20c45cbd34b5","NScKUV","patient_ambig",4,"ap_eat","DOG BANANA","I DON'T KNOW; DOG; unintelligible","FALSE","TRUE","89e0b7e1-4c34-48e1-9c82-20c45cbd34b54"
"47","2e870b4e-cc0a-42c6-b38c-0028544f0530","PQAZBQ","agent_ambig",5,"ap_drink","JUICE BABY","BABY","FALSE","TRUE","2e870b4e-cc0a-42c6-b38c-0028544f05305"
"48","3f61a815-8350-46cf-a368-3a6726fa0b37","5P4d4Y","commonground",3,"cg_bear","BEAR ROOM","[points at screen] unintelligible; BEAR BEAR BEAR YA; [points at screen] unintelligible","FALSE","TRUE","3f61a815-8350-46cf-a368-3a6726fa0b373"
"49","3f61a815-8350-46cf-a368-3a6726fa0b37","5P4d4Y","patient_ambig",4,"ap_eat","DOG BANANA","[points at screen] DOGGO DOGGO; DOG [pants like a dog] YA; [points at screen]","FALSE","TRUE","3f61a815-8350-46cf-a368-3a6726fa0b374"
"50","3f61a815-8350-46cf-a368-3a6726fa0b37","5P4d4Y","agent_ambig",5,"ap_drink","JUICE BABY","HAPPENED [points at screen]; BIRD OH [pants]","TRUE","FALSE","3f61a815-8350-46cf-a368-3a6726fa0b375"
"51","c9781c1f-6b56-4283-aeea-9e9f7237a66b","XLZJR5","agent_ambig",7,"ap_eat","BANANA DOG","DOG; DOGGY; [points at screen] unintelligible","FALSE","TRUE","c9781c1f-6b56-4283-aeea-9e9f7237a66b7"
"52","e52b7047-5244-4e7b-adca-5fcaab639179","TcVA5U","commonground",3,"cg_bear","BEAR ROOM","MAMA UH OH YA; unintelligible; SHOES YA; UH unintelligible","TRUE","FALSE","e52b7047-5244-4e7b-adca-5fcaab6391793"
"53","e52b7047-5244-4e7b-adca-5fcaab639179","TcVA5U","patient_ambig",4,"ap_eat","DOG BANANA","[points at screen] DOG; APPLE DOG; BABY; unintelligible [points at screen]; MAMA","TRUE","TRUE","e52b7047-5244-4e7b-adca-5fcaab6391794"
"54","9668a455-fed1-4c6e-bf01-f71c3568e574","ZEEE4K","agent_ambig",7,"ap_eat","BANANA DOG","CAT","TRUE","FALSE","9668a455-fed1-4c6e-bf01-f71c3568e5747"
"55","21fbfa1a-90ef-4f59-99be-15fd606bd81e","L2NWDT","commonground",3,"cg_bear","BEAR ROOM","SHOES ON","TRUE","FALSE","21fbfa1a-90ef-4f59-99be-15fd606bd81e3"
"56","21fbfa1a-90ef-4f59-99be-15fd606bd81e","L2NWDT","patient_ambig",4,"ap_eat","DOG BANANA","APPLE","TRUE","FALSE","21fbfa1a-90ef-4f59-99be-15fd606bd81e4"
"57","21fbfa1a-90ef-4f59-99be-15fd606bd81e","L2NWDT","commonground",6,"cg_duck","DUCK LAKE","BALL","TRUE","FALSE","21fbfa1a-90ef-4f59-99be-15fd606bd81e6"
"58","39311d84-d8a1-4cfc-8b1b-a4fc4d87a151","MZZcAU","agent_ambig",5,"ap_drink","JUICE BABY","DUCK DUCK DUCK; NO unintelligible","TRUE","FALSE","39311d84-d8a1-4cfc-8b1b-a4fc4d87a1515"
"59","39311d84-d8a1-4cfc-8b1b-a4fc4d87a151","MZZcAU","commonground",6,"cg_duck","DUCK LAKE","DUCK; A DUCK","FALSE","TRUE","39311d84-d8a1-4cfc-8b1b-a4fc4d87a1516"
"60","6cd13357-c29e-495c-910a-14f4941c9e1f","PXSL5U","patient_ambig",8,"ap_drink","BABY JUICE","HEY OH NO A BABY","FALSE","TRUE","6cd13357-c29e-495c-910a-14f4941c9e1f8"
"61","0eff7368-7492-4624-81d6-3d3aa0ce92b6","CUKA4P","patient_ambig",8,"ap_drink","BABY JUICE","EAT EAT","TRUE","FALSE","0eff7368-7492-4624-81d6-3d3aa0ce92b68"
"62","45e084d8-d2b4-4ee2-a02a-3d7e1a739eda","X7c57J","commonground",3,"cg_bear","BEAR ROOM","BEAR; [points at screen]; OH NO; [points at screen] ALL GONE; BUNNY","FALSE","TRUE","45e084d8-d2b4-4ee2-a02a-3d7e1a739eda3"
"63","45e084d8-d2b4-4ee2-a02a-3d7e1a739eda","X7c57J","agent_ambig",5,"ap_drink","JUICE BABY","OH NO BABY; BABY [points at screen]; MORE BABY YA YA; UH CURTAIN BABY CURTAIN; WATCH BABY","FALSE","TRUE","45e084d8-d2b4-4ee2-a02a-3d7e1a739eda5"
"64","45e084d8-d2b4-4ee2-a02a-3d7e1a739eda","X7c57J","commonground",6,"cg_duck","DUCK LAKE","[points at screen] unintelligible; BALL; OH NO; BABY BABY YA YA BABY YES BABYx5 ; BABY OK BABY","TRUE","FALSE","45e084d8-d2b4-4ee2-a02a-3d7e1a739eda6"
"65","45e084d8-d2b4-4ee2-a02a-3d7e1a739eda","X7c57J","agent_ambig",7,"ap_eat","BANANA DOG","unintelligible BANANA; MEOW YA; unintelligible","TRUE","TRUE","45e084d8-d2b4-4ee2-a02a-3d7e1a739eda7"
"66","45e084d8-d2b4-4ee2-a02a-3d7e1a739eda","X7c57J","patient_ambig",8,"ap_drink","BABY JUICE","MOMMY HAPPENED; unintelligible; BABY; JUICE; MILK JUICE; BABY YA","TRUE","TRUE","45e084d8-d2b4-4ee2-a02a-3d7e1a739eda8"
"67","e0219e64-41aa-4138-9d2f-175724bf49a5","XBDFDF","commonground",3,"cg_bear","BEAR ROOM","BEAR [points at screen]; unintelligible [points at screen]; unintelligible [points at screen]","FALSE","TRUE","e0219e64-41aa-4138-9d2f-175724bf49a53"
"68","e0219e64-41aa-4138-9d2f-175724bf49a5","XBDFDF","patient_ambig",4,"ap_eat","DOG BANANA","DOG [points at screen]; DOG; DOG [points at screen] MY","FALSE","TRUE","e0219e64-41aa-4138-9d2f-175724bf49a54"
"69","e0219e64-41aa-4138-9d2f-175724bf49a5","XBDFDF","agent_ambig",5,"ap_drink","JUICE BABY","[points at screen] unintelligible; BIRD","TRUE","FALSE","e0219e64-41aa-4138-9d2f-175724bf49a55"
"70","e0219e64-41aa-4138-9d2f-175724bf49a5","XBDFDF","commonground",6,"cg_duck","DUCK LAKE","BALL x3; BALL x2; BALL","TRUE","FALSE","e0219e64-41aa-4138-9d2f-175724bf49a56"
"71","66f36ebf-05ab-4918-97a3-f3567f464001","Wc44UM","commonground",3,"cg_bear","BEAR ROOM","A BEAR; A BEAR","FALSE","TRUE","66f36ebf-05ab-4918-97a3-f3567f4640013"
"72","66f36ebf-05ab-4918-97a3-f3567f464001","Wc44UM","patient_ambig",4,"ap_eat","DOG BANANA","unintelligible; A PUPPY","FALSE","TRUE","66f36ebf-05ab-4918-97a3-f3567f4640014"
"73","66f36ebf-05ab-4918-97a3-f3567f464001","Wc44UM","commonground",6,"cg_duck","DUCK LAKE","[points at screen] PUPPY; PUPPY; DUCKY","FALSE","TRUE","66f36ebf-05ab-4918-97a3-f3567f4640016"
"74","66f36ebf-05ab-4918-97a3-f3567f464001","Wc44UM","agent_ambig",7,"ap_eat","BANANA DOG","PUPPY x5","FALSE","TRUE","66f36ebf-05ab-4918-97a3-f3567f4640017"
"75","fc4c47e6-00c3-4a52-ae62-777aeef5d0ba","E7MQWY","commonground",3,"cg_bear","BEAR ROOM","A BEAR UH OH","FALSE","TRUE","fc4c47e6-00c3-4a52-ae62-777aeef5d0ba3"
"76","9df8dc98-99df-4db4-9927-5d40c48471dd","DECYWQ","commonground",6,"cg_duck","DUCK LAKE","BIRDY DUCKS I DON'T KNOW","FALSE","TRUE","9df8dc98-99df-4db4-9927-5d40c48471dd6"
"77","9df8dc98-99df-4db4-9927-5d40c48471dd","DECYWQ","patient_ambig",8,"ap_drink","BABY JUICE","I DON'T KNOW; [points at screen] unintelligible MILK","TRUE","FALSE","9df8dc98-99df-4db4-9927-5d40c48471dd8"
"78","d9752a9b-bac0-4bc7-ad57-b1b830e4b80b","6JGRCE","commonground",6,"cg_duck","DUCK LAKE","[points at screen] unintelligible; UH OHH; BALL BALL","TRUE","FALSE","d9752a9b-bac0-4bc7-ad57-b1b830e4b80b6"
"79","d9752a9b-bac0-4bc7-ad57-b1b830e4b80b","6JGRCE","agent_ambig",7,"ap_eat","BANANA DOG","[points at screen] unintelligible; NANA [points at screen]","FALSE","TRUE","d9752a9b-bac0-4bc7-ad57-b1b830e4b80b7"
"80","d9752a9b-bac0-4bc7-ad57-b1b830e4b80b","6JGRCE","patient_ambig",8,"ap_drink","BABY JUICE","UH OH [points at screen] BA BA","FALSE","TRUE","d9752a9b-bac0-4bc7-ad57-b1b830e4b80b8"
"81","0dfcb479-5f51-4bbd-afe0-aab50cddbde5","CUKA4P","patient_ambig",8,"ap_drink","BABY JUICE","A BABY","FALSE","TRUE","0dfcb479-5f51-4bbd-afe0-aab50cddbde58"
"82","c04b08ef-3c69-4acb-860d-834820013675","CC5KWU","commonground",3,"cg_duck","DUCK LAKE","[child screems] QUACK QUACK QUACK; QUACK QUACK; QUACK QUACK; QUACK QUACK; QUACK","FALSE","TRUE","c04b08ef-3c69-4acb-860d-8348200136753"
"83","c3630c34-da54-47a2-a81d-32b5d9e27bd0","MJXSZU","patient_ambig",8,"ap_eat","CAT APPLE","BANA, unintelligible, BITE","TRUE","FALSE","c3630c34-da54-47a2-a81d-32b5d9e27bd08"
"84","3f204949-11fa-4368-9e32-609ac00a2812","dLRK35","commonground",3,"cg_duck","DUCK LAKE","DUCKS; [points at screen] SKIP","TRUE","TRUE","3f204949-11fa-4368-9e32-609ac00a28123"
"85","13f7a4c5-d4f2-4334-8291-f983fa1ac66b","6QGLYX","patient_ambig",4,"ap_drink","BIRD MILK","unintelligible; ANIMAL","FALSE","TRUE","13f7a4c5-d4f2-4334-8291-f983fa1ac66b4"
"86","13f7a4c5-d4f2-4334-8291-f983fa1ac66b","6QGLYX","agent_ambig",5,"ap_eat","CAT APPLE","ANIMAL, SEE MOMMY; ANIMAL","TRUE","TRUE","13f7a4c5-d4f2-4334-8291-f983fa1ac66b5"
"87","13f7a4c5-d4f2-4334-8291-f983fa1ac66b","6QGLYX","commonground",6,"cg_bear","BEAR ROOM","ANIMAL","FALSE","TRUE","13f7a4c5-d4f2-4334-8291-f983fa1ac66b6"
"88","13f7a4c5-d4f2-4334-8291-f983fa1ac66b","6QGLYX","agent_ambig",7,"ap_drink","BIRD MILK","EYES; ANIMAL","FALSE","TRUE","13f7a4c5-d4f2-4334-8291-f983fa1ac66b7"
"89","13f7a4c5-d4f2-4334-8291-f983fa1ac66b","6QGLYX","patient_ambig",8,"ap_eat","CAT APPLE","CLOSED EYES, ANIMAL","FALSE","TRUE","13f7a4c5-d4f2-4334-8291-f983fa1ac66b8"
"90","0be04d55-e52e-48aa-a6e5-1b1acbe241d5","LDGZBG","agent_ambig",5,"ap_eat","CAT APPLE","APPLE; unintelligible","FALSE","TRUE","0be04d55-e52e-48aa-a6e5-1b1acbe241d55"
"91","0be04d55-e52e-48aa-a6e5-1b1acbe241d5","LDGZBG","agent_ambig",7,"ap_drink","BIRD MILK","BABY; unintelligible","TRUE","FALSE","0be04d55-e52e-48aa-a6e5-1b1acbe241d57"
"92","0be04d55-e52e-48aa-a6e5-1b1acbe241d5","LDGZBG","patient_ambig",8,"ap_eat","CAT APPLE","APPLE X3, BANANA","TRUE","TRUE","0be04d55-e52e-48aa-a6e5-1b1acbe241d58"
"93","6d5865e2-f106-4453-8d34-e04a5cf918a3","TD4dMU","commonground",3,"cg_duck","DUCK LAKE","BIRDIE; [mom says ball]; unintelligible","FALSE","TRUE","6d5865e2-f106-4453-8d34-e04a5cf918a33"
"94","6d5865e2-f106-4453-8d34-e04a5cf918a3","TD4dMU","patient_ambig",4,"ap_drink","BIRD MILK","BIRDIE","FALSE","TRUE","6d5865e2-f106-4453-8d34-e04a5cf918a34"
"95","6d5865e2-f106-4453-8d34-e04a5cf918a3","TD4dMU","agent_ambig",7,"ap_drink","BIRD MILK","BIRDIE; [mom says baby]; BABY BIRD GO; [mom says drink]","FALSE","TRUE","6d5865e2-f106-4453-8d34-e04a5cf918a37"
"96","adc2a1da-0033-4f57-b81a-d907c6862381","6NTAMD","patient_ambig",4,"ap_drink","BIRD MILK","BIRD; A BOUNCE","FALSE","TRUE","adc2a1da-0033-4f57-b81a-d907c68623814"
"97","adc2a1da-0033-4f57-b81a-d907c6862381","6NTAMD","patient_ambig",8,"ap_eat","CAT APPLE","TV; [mom: ""Did the cat do something?""], YEAH A BANA; unintelligible","TRUE","FALSE","adc2a1da-0033-4f57-b81a-d907c68623818"
"98","aad7eab3-841f-4dac-909f-1e6b5ddadddd","LMLU24","commonground",3,"cg_duck","DUCK LAKE","SAW A DUCK; [mom: and then what happened? what happened after the duck? what was next to the lake? what was next to the duck]; IN THE CAR SEAT X2","FALSE","TRUE","aad7eab3-841f-4dac-909f-1e6b5ddadddd3"
"99","aad7eab3-841f-4dac-909f-1e6b5ddadddd","LMLU24","agent_ambig",5,"ap_eat","CAT APPLE","I SEE A APPLE X2; I SEE A DUCK X2; DONE","TRUE","TRUE","aad7eab3-841f-4dac-909f-1e6b5ddadddd5"
"100","aad7eab3-841f-4dac-909f-1e6b5ddadddd","LMLU24","commonground",6,"cg_bear","BEAR ROOM","I SEE A BEAR X3; CLOSE THE EYES; I LOOKING X2","FALSE","TRUE","aad7eab3-841f-4dac-909f-1e6b5ddadddd6"
"101","aad7eab3-841f-4dac-909f-1e6b5ddadddd","LMLU24","patient_ambig",8,"ap_eat","CAT APPLE","APPLE; BOW ON X5 [referring to hair]; CLOSE A EYES; A BEAR; I SAW A BEAR","FALSE","TRUE","aad7eab3-841f-4dac-909f-1e6b5ddadddd8"
"102","cb86ca76-de0a-4d45-9dfe-38a1808a523b","SP4Sc2","commonground",3,"cg_duck","DUCK LAKE","BALL BALL; BALL MAMA BALL","TRUE","FALSE","cb86ca76-de0a-4d45-9dfe-38a1808a523b3"
"103","6efa607c-2c90-4e5a-b71e-5270d589b04b","DDRPSP","agent_ambig",5,"ap_eat","CAT APPLE","APPLE x3; [points at screen] APPLES; EAT; HE EAT","TRUE","TRUE","6efa607c-2c90-4e5a-b71e-5270d589b04b5"
"104","4405c509-85ef-4e9e-bdef-19bc1f2523fb","KXRE7X","commonground",3,"cg_duck","DUCK LAKE","DADA; DUCK; CACA; [points at screen]","FALSE","TRUE","4405c509-85ef-4e9e-bdef-19bc1f2523fb3"
"105","4405c509-85ef-4e9e-bdef-19bc1f2523fb","KXRE7X","agent_ambig",7,"ap_drink","BIRD MILK","BABY [points at screen]; DADA","TRUE","FALSE","4405c509-85ef-4e9e-bdef-19bc1f2523fb7"
"106","4405c509-85ef-4e9e-bdef-19bc1f2523fb","KXRE7X","patient_ambig",8,"ap_eat","CAT APPLE","AMA; [points at screen] NANA; [points at screen] unintelligible","TRUE","FALSE","4405c509-85ef-4e9e-bdef-19bc1f2523fb8"
"107","e66a745b-b03a-4305-b145-5b7bdec18831","E4HXVT","commonground",3,"cg_duck","DUCK LAKE","PARK","FALSE","TRUE","e66a745b-b03a-4305-b145-5b7bdec188313"
"108","10a8d53e-016a-477f-a7ee-e71d430b3d8d","2WDNKc","patient_ambig",4,"ap_drink","BIRD MILK","A BIRD X2; BIRD; [did the bird do something?] I KNOW X2","FALSE","TRUE","10a8d53e-016a-477f-a7ee-e71d430b3d8d4"
"109","10a8d53e-016a-477f-a7ee-e71d430b3d8d","2WDNKc","agent_ambig",5,"ap_eat","CAT APPLE","unintelligble; [clicks tongue a lot]; [mom says dog and cat]","TRUE","FALSE","10a8d53e-016a-477f-a7ee-e71d430b3d8d5"
"110","10a8d53e-016a-477f-a7ee-e71d430b3d8d","2WDNKc","agent_ambig",7,"ap_drink","BIRD MILK","[clicks tongue A LOT]; CUP; WATER","TRUE","TRUE","10a8d53e-016a-477f-a7ee-e71d430b3d8d7"
"111","10a8d53e-016a-477f-a7ee-e71d430b3d8d","2WDNKc","patient_ambig",8,"ap_eat","CAT APPLE","[clicks tongue A LOT]","TRUE","FALSE","10a8d53e-016a-477f-a7ee-e71d430b3d8d8"
"112","22849b25-86cc-45cf-ba92-9060f76a247c","XMRDRc","patient_ambig",4,"ap_drink","BIRD MILK","UH OH; BIRD X3; UH OH","FALSE","TRUE","22849b25-86cc-45cf-ba92-9060f76a247c4"
"113","e7005166-91bb-4b31-9a32-6aa63252da1a","KPUTc7","agent_ambig",5,"ap_eat","CAT APPLE","APPLE X3; unintelligible","FALSE","TRUE","e7005166-91bb-4b31-9a32-6aa63252da1a5"
"114","66a94734-d8cf-4124-81dd-292035cc2fe2","7A3LRJ","commonground",3,"cg_duck","DUCK LAKE","BABY X6","FALSE","TRUE","66a94734-d8cf-4124-81dd-292035cc2fe23"
"115","60318710-7269-4a46-aefe-0a153a19ff2a","57RE75","commonground",3,"cg_duck","DUCK LAKE","BALL X5","TRUE","FALSE","60318710-7269-4a46-aefe-0a153a19ff2a3"
"116","0a5eac09-0d24-4f1f-8bfe-3bdead4bd315","5N2KZ3","commonground",3,"cg_bear","BEAR ROOM","BEAR; BEAR","FALSE","TRUE","0a5eac09-0d24-4f1f-8bfe-3bdead4bd3153"
"117","0a5eac09-0d24-4f1f-8bfe-3bdead4bd315","5N2KZ3","commonground",6,"cg_duck","DUCK LAKE","DUCKS","FALSE","TRUE","0a5eac09-0d24-4f1f-8bfe-3bdead4bd3156"
"118","0a5eac09-0d24-4f1f-8bfe-3bdead4bd315","5N2KZ3","agent_ambig",8,"ap_drink","BIRD MILK","DUCKS; DUCKS; DUCK","FALSE","TRUE","0a5eac09-0d24-4f1f-8bfe-3bdead4bd3158"
"119","b24aa5e7-fa49-4dfa-ad28-3b347c977f85","CBScHD","agent_ambig",8,"ap_drink","BIRD MILK","BABY; BABY; EYES; WHY; unintelligible","TRUE","FALSE","b24aa5e7-fa49-4dfa-ad28-3b347c977f858"
"120","4a233043-64c1-439d-afb3-d3f9a99b5b6a","MBYF6B","commonground",3,"cg_bear","BEAR ROOM","unintelligible SHOES; THE SHOES X2 [mom said bear and shoes] YA","TRUE","FALSE","4a233043-64c1-439d-afb3-d3f9a99b5b6a3"
"121","4a233043-64c1-439d-afb3-d3f9a99b5b6a","MBYF6B","agent_ambig",4,"ap_eat","CAT APPLE","WHERE IT GO; GO; APPLE [mom said apple] APPLE X3","FALSE","TRUE","4a233043-64c1-439d-afb3-d3f9a99b5b6a4"
"122","4a233043-64c1-439d-afb3-d3f9a99b5b6a","MBYF6B","commonground",6,"cg_duck","DUCK LAKE","DUCKS [points at screen]; DUCKS [points at screen];","FALSE","TRUE","4a233043-64c1-439d-afb3-d3f9a99b5b6a6"
"123","bb334468-12a3-4c43-8a94-71cc5a1257fa","EC7XHJ","commonground",3,"cg_bear","BEAR ROOM","THE BEAR [mom says, ""What happened to the bear?""] [points at screen]","FALSE","TRUE","bb334468-12a3-4c43-8a94-71cc5a1257fa3"
"124","bb334468-12a3-4c43-8a94-71cc5a1257fa","EC7XHJ","patient_ambig",7,"ap_eat","CAT APPLE","MAMA unintelligible; BAN [mom says, ""Banana?""] BANANA","TRUE","FALSE","bb334468-12a3-4c43-8a94-71cc5a1257fa7"
"125","bb334468-12a3-4c43-8a94-71cc5a1257fa","EC7XHJ","agent_ambig",8,"ap_drink","BIRD MILK","BABY X2 [mom say's ""Baby?""]","TRUE","FALSE","bb334468-12a3-4c43-8a94-71cc5a1257fa8"
"126","fd9a6130-5f20-4f34-a3bc-ff9ae51e4385","6YcSKY","patient_ambig",5,"ap_drink","BIRD MILK","BIRD [mom says, ""You saw a bird? What was the bird doing?""] TEET TEET; [sibling says, ""Did the bird tweet? Did he drink apple juice?""] YA YA","FALSE","TRUE","fd9a6130-5f20-4f34-a3bc-ff9ae51e43855"
"127","60ba5c4b-e0dd-4475-a3a4-bc289ff029e6","E3TcFF","commonground",3,"cg_bear","BEAR ROOM","A BEAR unintelligible; I DON'T KNOW","FALSE","TRUE","60ba5c4b-e0dd-4475-a3a4-bc289ff029e63"
"128","60ba5c4b-e0dd-4475-a3a4-bc289ff029e6","E3TcFF","agent_ambig",4,"ap_eat","CAT APPLE","DOG unintelligible","TRUE","FALSE","60ba5c4b-e0dd-4475-a3a4-bc289ff029e64"
"129","60ba5c4b-e0dd-4475-a3a4-bc289ff029e6","E3TcFF","commonground",6,"cg_duck","DUCK LAKE","OH BLUE; OH BALL WOW THE BALL","TRUE","FALSE","60ba5c4b-e0dd-4475-a3a4-bc289ff029e66"
"130","60ba5c4b-e0dd-4475-a3a4-bc289ff029e6","E3TcFF","agent_ambig",8,"ap_drink","BIRD MILK","A BABY unintelligible","TRUE","FALSE","60ba5c4b-e0dd-4475-a3a4-bc289ff029e68"
"131","de0f6bbe-2456-4ac7-917d-a8d074f4eea7","M5DU3N","commonground",3,"cg_bear","BEAR ROOM","[points at screen] BEAR I DON'T KNOW","FALSE","TRUE","de0f6bbe-2456-4ac7-917d-a8d074f4eea73"
"132","de0f6bbe-2456-4ac7-917d-a8d074f4eea7","M5DU3N","patient_ambig",7,"ap_eat","CAT APPLE","unintelligible APPLE","FALSE","TRUE","de0f6bbe-2456-4ac7-917d-a8d074f4eea77"
"133","366d6698-1b4d-488f-956a-b1adce67447a","BWNDWZ","commonground",3,"cg_bear","BEAR ROOM","I SEE A BEAR; unintelligible A BEAR","FALSE","TRUE","366d6698-1b4d-488f-956a-b1adce67447a3"
"134","9f871c14-71b0-48a6-90e1-33d91746eba4","27BDKN","patient_ambig",5,"ap_drink","BIRD MILK","WHAT HAPPENED TO BIRD; MOMMY WHAT HAPPENED TO BIRD","FALSE","TRUE","9f871c14-71b0-48a6-90e1-33d91746eba45"
"135","9f871c14-71b0-48a6-90e1-33d91746eba4","27BDKN","commonground",6,"cg_duck","DUCK LAKE","MOMMY WHAT HAPPENED; WHAT HAPPENED TO DOGGY; WHAT HAPPENED TO DUCK; unintelligible","FALSE","TRUE","9f871c14-71b0-48a6-90e1-33d91746eba46"
"136","9f871c14-71b0-48a6-90e1-33d91746eba4","27BDKN","patient_ambig",7,"ap_eat","CAT APPLE","[points at screen]; WHAT HAPPENED WITH CAT; MOMMY MOMMY WHAT HAPPENED TO DOG","FALSE","TRUE","9f871c14-71b0-48a6-90e1-33d91746eba47"
"137","e4f23653-0e21-4579-a153-7749bd5a2b59","CN4G44","agent_ambig",4,"ap_eat","CAT APPLE","DOG; DOG unintelligible; DOG","TRUE","FALSE","e4f23653-0e21-4579-a153-7749bd5a2b594"
"138","f3fd0e7f-1ac7-4571-a936-e7efea9338e1","3Vc2SV","agent_ambig",8,"ap_drink","BIRD MILK","BABY; BABY","TRUE","FALSE","f3fd0e7f-1ac7-4571-a936-e7efea9338e18"
"139","0dc8619f-0539-4dcd-9bd4-dbc0303e40ca","XZ552d","commonground",3,"cg_bear","BEAR ROOM","unintelligible; SHOES X2","TRUE","FALSE","0dc8619f-0539-4dcd-9bd4-dbc0303e40ca3"
"140","0dc8619f-0539-4dcd-9bd4-dbc0303e40ca","XZ552d","agent_ambig",4,"ap_eat","CAT APPLE","APPLE; [mom says apple] APPLE X2","FALSE","TRUE","0dc8619f-0539-4dcd-9bd4-dbc0303e40ca4"
"141","0dc8619f-0539-4dcd-9bd4-dbc0303e40ca","XZ552d","patient_ambig",7,"ap_eat","CAT APPLE","APPLE","FALSE","TRUE","0dc8619f-0539-4dcd-9bd4-dbc0303e40ca7"
"142","7b133cb4-10c2-4e9d-84ae-824fc23469c9","3XGCB5","patient_ambig",7,"ap_eat","CAT APPLE","GOGO X3; MEOW","FALSE","TRUE","7b133cb4-10c2-4e9d-84ae-824fc23469c97"
"143","d2e79449-3c84-4a54-ba1e-cf5cc3b15172","MQ2EFX","commonground",3,"cg_bear","BEAR ROOM","BEAR; BEAR COME IN; [what did the bear do?] BEAR IN A ROOM; BEAR CLOSE YOUR EYES","FALSE","TRUE","d2e79449-3c84-4a54-ba1e-cf5cc3b151723"
"144","d2e79449-3c84-4a54-ba1e-cf5cc3b15172","MQ2EFX","agent_ambig",4,"ap_eat","CAT APPLE","unintellige; AND A CAT EAT A APPLE","TRUE","TRUE","d2e79449-3c84-4a54-ba1e-cf5cc3b151724"
"145","d2e79449-3c84-4a54-ba1e-cf5cc3b15172","MQ2EFX","patient_ambig",5,"ap_drink","BIRD MILK","unintelligible; WHAT HAPPENED TO BIRDIE GO; BIRDIE X3","FALSE","TRUE","d2e79449-3c84-4a54-ba1e-cf5cc3b151725"
"146","cfef343e-cd6d-42d8-b3b7-b60da59deb3d","RH2FDN","commonground",3,"cg_bear","BEAR ROOM","BEAR; SHOES","TRUE","TRUE","cfef343e-cd6d-42d8-b3b7-b60da59deb3d3"
"147","cfef343e-cd6d-42d8-b3b7-b60da59deb3d","RH2FDN","agent_ambig",4,"ap_eat","CAT APPLE","KITTY KAT DOG","TRUE","TRUE","cfef343e-cd6d-42d8-b3b7-b60da59deb3d4"
"148","cfef343e-cd6d-42d8-b3b7-b60da59deb3d","RH2FDN","patient_ambig",5,"ap_drink","BIRD MILK","BIRD","FALSE","TRUE","cfef343e-cd6d-42d8-b3b7-b60da59deb3d5"
"149","cfef343e-cd6d-42d8-b3b7-b60da59deb3d","RH2FDN","commonground",6,"cg_duck","DUCK LAKE","DUCK LAKE","FALSE","TRUE","cfef343e-cd6d-42d8-b3b7-b60da59deb3d6"
"150","c5923aa2-cd21-4d09-874d-a67e654c3df8","E7MQWY","commonground",3,"cg_bear","BEAR ROOM","BEAR","FALSE","TRUE","c5923aa2-cd21-4d09-874d-a67e654c3df83"
"151","f2a6b86a-9813-4bfd-91f8-2bf9e72f9cc8","dQEN3Y","commonground",3,"cg_bear","BEAR ROOM","SEE; SHOES","TRUE","FALSE","f2a6b86a-9813-4bfd-91f8-2bf9e72f9cc83"
"152","dea05905-bebb-4150-bc85-d09f04e1981f","463QUK","agent_ambig",4,"ap_eat","CAT APPLE","GATO","FALSE","TRUE","dea05905-bebb-4150-bc85-d09f04e1981f4"
"153","dea05905-bebb-4150-bc85-d09f04e1981f","463QUK","commonground",6,"cg_duck","DUCK LAKE","BEBE X3 BEBE PATO","FALSE","TRUE","dea05905-bebb-4150-bc85-d09f04e1981f6"
"154","dea05905-bebb-4150-bc85-d09f04e1981f","463QUK","patient_ambig",7,"ap_eat","CAT APPLE","unintelligible;  EL GATO; TOTO","TRUE","TRUE","dea05905-bebb-4150-bc85-d09f04e1981f7"
"155","dea05905-bebb-4150-bc85-d09f04e1981f","463QUK","agent_ambig",8,"ap_drink","BIRD MILK","ESTA AHI X3; BEBE","TRUE","FALSE","dea05905-bebb-4150-bc85-d09f04e1981f8"
"156","3200a14e-1180-410e-a545-5fbb0f3328c9","LDP24c","commonground",3,"cg_bear","BEAR ROOM","unintelligible; ALL DOORS OPEN; I SEE IT; BEAR unintelligible; BEARS LOST","FALSE","TRUE","3200a14e-1180-410e-a545-5fbb0f3328c93"
"157","3200a14e-1180-410e-a545-5fbb0f3328c9","LDP24c","agent_ambig",4,"ap_eat","CAT APPLE","THE APPLE IS BROKEN YA","FALSE","TRUE","3200a14e-1180-410e-a545-5fbb0f3328c94"
"158","3200a14e-1180-410e-a545-5fbb0f3328c9","LDP24c","patient_ambig",5,"ap_drink","BIRD MILK","WHAT HAPPENED; unintelligible; THE BIRDY IS BROKEN","FALSE","TRUE","3200a14e-1180-410e-a545-5fbb0f3328c95"
"159","3200a14e-1180-410e-a545-5fbb0f3328c9","LDP24c","commonground",6,"cg_duck","DUCK LAKE","WHAT HAPPENED unintelligible; THE STORY x3; unintelligible; WHAT HAPPENED; I DON'T KNOW; unintelligible BRAKEN THE BIRDY; THE DOOR x3","FALSE","TRUE","3200a14e-1180-410e-a545-5fbb0f3328c96"
"160","3200a14e-1180-410e-a545-5fbb0f3328c9","LDP24c","patient_ambig",7,"ap_eat","CAT APPLE","THE BIRDY; NO THE DOOR; unintelligible; APPLE; BANANA BROKEN x2","TRUE","TRUE","3200a14e-1180-410e-a545-5fbb0f3328c97"
"161","3200a14e-1180-410e-a545-5fbb0f3328c9","LDP24c","agent_ambig",8,"ap_drink","BIRD MILK","THE BIRDY THE BABY; THE BABY DRINK THE MILK; THE MILK MILKY","TRUE","TRUE","3200a14e-1180-410e-a545-5fbb0f3328c98"
"162","80417762-eeb4-4e22-b204-0885aeac7f99","YHA4Uc","commonground",6,"cg_duck","DUCK LAKE","[points at screen] DUCK","FALSE","TRUE","80417762-eeb4-4e22-b204-0885aeac7f996"
